date;op;hp;lp;cp
12.05.2020;193.3;198;191.2;191.4
13.05.2020;190.05;190.6;186.66;187.31
14.05.2020;186.5;188.2;183.5;183.81
15.05.2020;186.13;186.78;183.33;183.85
18.05.2020;186.33;190;185.4;188.93
19.05.2020;190.37;192.55;186.8;189
20.05.2020;188.49;193.98;186.6;193.98
21.05.2020;194;196.31;191.5;192.4
22.05.2020;190.97;191.25;188.6;188.9
25.05.2020;189.62;191.31;188.8;191
26.05.2020;193;196.1;192.11;194
27.05.2020;194;198.97;193.32;198.51
28.05.2020;199.31;205;198.4;205
29.05.2020;204.11;204.4;199.17;200.5
01.06.2020;203.1;205.93;201.81;203.66
02.06.2020;204.67;212;204;212
03.06.2020;214;221.92;213.51;221.5
04.06.2020;220.67;221;212.55;213.1
05.06.2020;215.13;219.93;213.6;219.1
08.06.2020;219.8;223.15;217.45;220.3
09.06.2020;221.13;221.88;215.44;217.23
10.06.2020;217;217.58;211.82;212.53
11.06.2020;208.91;209.24;206.01;208.35
15.06.2020;205.07;207.85;202.3;207.32
16.06.2020;210.28;212.19;207.52;207.76
17.06.2020;208.52;210.35;206.94;208.14
18.06.2020;207.8;208.1;202.72;203.77
19.06.2020;205.44;209.2;204.55;207
22.06.2020;206.7;207.95;204.28;206.4
23.06.2020;207.7;209.74;206.43;207.3
25.06.2020;201;207;200.75;206.92
26.06.2020;206.97;207.5;201.76;203.15
29.06.2020;201;205.86;200.97;205.8
30.06.2020;205.7;206;202.36;203.22
02.07.2020;205;210.15;204.28;209.6
03.07.2020;210;211.97;209;210.95
06.07.2020;212.97;216.79;212.94;214.61
07.07.2020;213;214.23;210.51;210.53
08.07.2020;210.8;212.29;209.3;210.97
09.07.2020;210.7;211.7;208.1;209.11
10.07.2020;207.51;212.6;206.57;212.28
13.07.2020;213.87;214.2;208.11;208.39
14.07.2020;208.38;209.58;205.7;209.5
15.07.2020;210.29;211.8;207.65;211.09
16.07.2020;209.66;212.6;208.63;211.35
17.07.2020;211.69;212.18;209.86;210.81
20.07.2020;210.27;214.48;209.08;213.89
21.07.2020;215;219.1;214.38;215.73
22.07.2020;215.98;217.65;213.56;216.71
23.07.2020;217.5;219.28;215;215.41
24.07.2020;214.8;217.41;197.73;215.97
27.07.2020;216.7;218.38;215.15;216.9
28.07.2020;216.81;217.42;215.25;215.53
29.07.2020;215.89;219.18;215.63;219.18
30.07.2020;218.71;218.88;215.34;218.15
31.07.2020;218.19;221.98;217.43;221.57
03.08.2020;222.27;228.36;221.3;226.72
04.08.2020;227.39;228.85;225.63;227.16
05.08.2020;228.15;229.17;224.31;226.4
06.08.2020;226.75;227.43;224.35;226
07.08.2020;225;227.6;224.46;227.28
10.08.2020;227.96;228.7;224.51;225.99
11.08.2020;226.43;234.73;226.21;232.65
12.08.2020;233.12;242.5;233.03;242.4
13.08.2020;242.2;244.04;238.57;241.39
14.08.2020;242;242.22;238.47;239.99
17.08.2020;240.8;242.35;234.5;237.8
18.08.2020;236.88;239.83;235.69;236.3
19.08.2020;235.85;240.75;235.19;239.4
20.08.2020;238.44;238.51;230.33;232.48
21.08.2020;233.3;236.5;227.35;231.22
24.08.2020;232.5;233.7;230.2;231.81
25.08.2020;232.3;232.97;226.9;228.08
26.08.2020;228.3;229.4;224.7;227.8
27.08.2020;227.87;229.98;225.6;226.23
28.08.2020;227;228.1;225.19;226.3
31.08.2020;227;229.71;225;226.1
01.09.2020;226.7;227.97;226.01;227.64
02.09.2020;228.56;228.75;220.85;222.57
03.09.2020;221.67;224.23;218;218.32
04.09.2020;218;222.5;216.75;222.21
07.09.2020;221.5;224.2;220.5;221.32
08.09.2020;222;222.48;216.29;217.68
09.09.2020;217.01;218.88;216.8;218
10.09.2020;218.24;222.15;215.79;220.6
11.09.2020;221.46;223.15;219.75;221.07
14.09.2020;222.31;227.54;222.13;227.37
15.09.2020;228.22;231.95;227.39;231.5
16.09.2020;231.72;232.6;230.15;231.06
17.09.2020;229.1;231.75;228.57;231.46
18.09.2020;232;232.59;229;230.3
21.09.2020;229.88;230.07;223.49;226.25
22.09.2020;226;230.28;225.46;229.88
23.09.2020;230.02;232.1;227.61;228.5
24.09.2020;227.63;231.1;225.75;228.17
25.09.2020;229;229.3;226.25;228.24
28.09.2020;228.79;229.55;227.35;228.63
29.09.2020;228.88;228.88;223.1;225.48
30.09.2020;224.5;230.75;223.25;229.14
01.10.2020;229.08;229.9;226.86;227.23
02.10.2020;210.4;211.39;206.5;208.8
05.10.2020;209.65;210.69;207.72;208.89
06.10.2020;209;212.99;208.35;211.18
07.10.2020;211.3;212.66;209.03;210.6
08.10.2020;211.2;211.43;207.26;207.97
09.10.2020;208.47;208.96;204.4;205.38
12.10.2020;205.97;208.49;204.57;206.18
13.10.2020;205.92;207.64;204.77;205.03
14.10.2020;205.06;208;204.78;207.83
15.10.2020;207.46;207.57;201.95;203.85
16.10.2020;204.02;204.25;200.5;201.17
19.10.2020;201.55;204;201.55;202.78
20.10.2020;203;209.76;202.5;209.54
21.10.2020;210.04;213.25;208.9;210.33
22.10.2020;209.58;211.53;207.84;210.21
23.10.2020;210;214.73;209.15;214.5
26.10.2020;213.4;214.45;210.5;211.1
27.10.2020;211.5;212.29;206.66;207.64
28.10.2020;206.94;206.94;202.3;204.73
29.10.2020;206.5;207.33;203.64;205.58
30.10.2020;203.62;204.84;200.61;200.99
02.11.2020;200.45;204.59;196.15;204.5
03.11.2020;205.7;211.11;203.8;209.2
05.11.2020;214.4;218.65;211.43;216.7
06.11.2020;215.8;218.29;213;217.5
09.11.2020;220;231.3;218.7;228.05
10.11.2020;227;237.6;226.27;236.1
11.11.2020;237;245.98;236.89;244.2
12.11.2020;243.31;245.72;240.22;242.08
13.11.2020;242.01;244.14;238.62;242.99
16.11.2020;244.14;248.73;244;247.99
17.11.2020;248;249.84;243.41;245.7
18.11.2020;245.1;247.23;242.59;242.71
19.11.2020;242.5;243.49;237.34;240.27
20.11.2020;239.58;240.77;236.57;239.42
23.11.2020;240.45;243.87;238.52;239.7
24.11.2020;241.65;247.85;239.57;247.33
25.11.2020;248;252.2;246.55;251.91
26.11.2020;252.3;252.88;247.44;250.1
27.11.2020;250.3;252.26;248.03;251.59
30.11.2020;249.72;251;245.98;249.63
01.12.2020;250.75;260.99;249.8;260.81
02.12.2020;260.05;264.99;258.8;264.06
03.12.2020;264.5;264.63;260.85;263.14
04.12.2020;264.63;270.84;264.5;270
07.12.2020;269;276.13;268.1;274.36
08.12.2020;274.5;276.66;271.52;275.49
09.12.2020;276.4;279.42;275.87;276.89
10.12.2020;276.55;282.2;275.2;282.2
11.12.2020;282.5;284.6;279.78;283.73
14.12.2020;285.01;287.74;277.1;279.95
15.12.2020;278.53;283.76;276.07;278.7
16.12.2020;278;280.84;276.14;278.35
17.12.2020;279.81;285.16;276.54;278.5
18.12.2020;277.22;277.4;268.52;270.16
21.12.2020;266.2;267.34;259.7;261.79
22.12.2020;259.55;267.42;257.05;262.04
23.12.2020;262.25;270.29;260.22;270.1
24.12.2020;271.98;272.82;267.13;269.32
25.12.2020;269.97;271;268.28;270.64
28.12.2020;270.9;275.19;269.73;274.7
29.12.2020;275.91;276.43;271.26;272
30.12.2020;272.49;274.24;270.12;271.65
04.01.2021;274.67;276.6;270.61;272
05.01.2021;272.69;275.7;270.28;275.2
06.01.2021;275.94;275.94;271.62;272.93
08.01.2021;275.11;283.99;275.11;283.64
11.01.2021;282.86;292.95;279.48;289.49
12.01.2021;290.88;296.07;286.7;289.99
13.01.2021;291.01;292.46;283.1;283.78
14.01.2021;284;286.9;279.06;284.79
15.01.2021;282.55;286.16;276;276.9
18.01.2021;275.72;281.3;272.95;279.79
19.01.2021;280.98;282.8;276.42;278.19
20.01.2021;278.62;282.49;276.77;279.8
21.01.2021;280.75;281.54;272.84;274.4
22.01.2021;273;273.3;266.78;268.25
25.01.2021;271;273.63;261.65;265.3
26.01.2021;262.7;269.57;262.61;269.34
27.01.2021;270.07;273.8;265.02;265.5
28.01.2021;263.5;267.17;261.17;265.96
29.01.2021;263.77;264.75;257.36;258.11
01.02.2021;260;264.06;258.73;263.8
02.02.2021;265;268.39;263.05;263.15
03.02.2021;264.32;268.14;261.05;263.53
04.02.2021;263.21;270.6;262.34;270.11
05.02.2021;271.99;272.57;268.87;271.7
08.02.2021;273.01;275.58;272.32;275.2
09.02.2021;275.99;276.29;267.19;268.98
10.02.2021;269.28;270.99;265.2;265.9
11.02.2021;265.5;266.9;263.75;264.7
12.02.2021;264;266.44;258.55;266
15.02.2021;268.49;271.87;267.07;271.81
16.02.2021;272.3;272.8;268.27;270.9
17.02.2021;270.99;275.07;267.56;270.9
18.02.2021;270.35;272.46;266.21;266.99
19.02.2021;266.12;272.81;264.19;271.34
20.02.2021;271;271;269.02;270.51
22.02.2021;270.1;274.46;268.12;273.71
24.02.2021;272.12;272.75;269.42;271.9
25.02.2021;273.6;276.48;270.65;270.71
26.02.2021;268;272.49;266.43;270.17
01.03.2021;273;274.73;271.13;273.58
02.03.2021;271.89;280;271.6;279.1
03.03.2021;281.7;283.83;277.63;278.01
04.03.2021;278.5;281.96;273.63;274.75
05.03.2021;276;278.98;272.76;277.5
09.03.2021;278.8;286.38;277.56;285.79
10.03.2021;285.24;288;281;282.24
11.03.2021;283.84;286.38;282.3;286
12.03.2021;286.3;287.49;282.82;284.93
15.03.2021;286.05;292.92;285.28;292.74
16.03.2021;293.06;293.88;288.61;292.33
17.03.2021;292.35;293.25;279.6;283.35
18.03.2021;284.04;285.79;278.24;279.25
19.03.2021;279;286.31;278.03;285.47
22.03.2021;285;291.2;283.08;288.65
23.03.2021;287.56;288.3;282.11;282.6
24.03.2021;283.4;288;282.25;285.79
25.03.2021;286.5;287.03;283.85;286.66
26.03.2021;288.63;292.75;288.32;291.22
29.03.2021;289.72;294.09;289.26;293.3
30.03.2021;294.86;295.72;291.5;293.25
31.03.2021;294;294.42;290.26;291.02
01.04.2021;292;294.72;288.43;290.24
02.04.2021;290.81;292.4;289.14;291.7
05.04.2021;290.8;291.48;287.07;288.78
06.04.2021;289;289.43;281.37;281.5
07.04.2021;281.68;284.29;278.54;283.98
08.04.2021;284.88;286.2;282.17;283.89
09.04.2021;283.47;283.79;280.09;281.07
12.04.2021;278.2;285.35;278;281.75
13.04.2021;282.93;288.2;281.14;287.95
14.04.2021;290;291.58;286.72;287.18
15.04.2021;281.5;285.19;280.87;283.72
16.04.2021;285.71;289.3;284.08;288.5
19.04.2021;287.86;289.25;286.04;287.72
20.04.2021;288.9;290.92;286.59;287.42
21.04.2021;288.01;290.2;287.06;289.25
22.04.2021;289.04;294.67;286.93;292.18
23.04.2021;293.1;294.2;290.78;293.19
26.04.2021;294.3;296.48;293.1;295.27
27.04.2021;295.74;300.25;295.61;298.5
28.04.2021;299;299.26;295.89;298.49
29.04.2021;301;301.84;294.79;297.1
30.04.2021;296.92;298.1;295.03;297.73
04.05.2021;298.7;304.23;298.2;303.7
05.05.2021;304.01;306.03;302.71;305.99
06.05.2021;306.29;314.98;306.25;314.72
07.05.2021;316;319.16;315.48;317.94
10.05.2021;318.26;320.19;314.31;320.19
11.05.2021;303;309.48;301;307.16
12.05.2021;307.39;309.24;302;302.02
13.05.2021;302.11;306.86;299.33;306.74
14.05.2021;308.2;308.24;302.33;304.1
17.05.2021;303.5;305.24;301.01;303.94
18.05.2021;305.01;306.62;303.33;305.78
19.05.2021;304.38;304.88;295.1;297
20.05.2021;297.94;298.37;293;296.72
21.05.2021;296.85;302.98;294.9;301.23
24.05.2021;302.02;304.75;299.59;300.7
25.05.2021;301.77;307.4;301.57;306.8
26.05.2021;307.84;309.5;305.33;307.01
27.05.2021;306.39;313.9;305.72;312.72
28.05.2021;313.3;314;309.06;309.56
31.05.2021;309.3;312.6;308.82;310.79
01.06.2021;312.6;314.17;310.03;311.6
02.06.2021;311.6;314;310.61;313.98
03.06.2021;314.81;315.71;309.87;312.41
04.06.2021;313;313;307.6;310.94
07.06.2021;310.03;316;308.57;315.53
08.06.2021;315.29;316.18;312.5;314.83
09.06.2021;315;315.9;312.9;314.78
10.06.2021;314.87;316.58;313.76;314.62
11.06.2021;314.88;315.08;312.5;313
14.06.2021;313.48;314.87;310.4;314.12
15.06.2021;314.14;315.6;312.4;312.51
16.06.2021;312.5;314.54;311.03;311.61
17.06.2021;311;315.42;310.46;313.9
18.06.2021;312.9;313.82;308.13;309.3
21.06.2021;308.47;310.4;306.56;310.4
22.06.2021;310.79;311.17;308.13;309.73
23.06.2021;310.45;312;308.69;309.79
24.06.2021;309.8;311.2;308.84;310
25.06.2021;310.58;312.5;309.82;311.81
28.06.2021;311.77;312.06;309.13;309.48
29.06.2021;308.7;309.23;303.66;306.1
30.06.2021;306.19;306.91;303.34;306.45
01.07.2021;306;307.35;305;305.78
02.07.2021;305.52;308.37;304.71;307.39
05.07.2021;307.81;308.11;304.8;307
06.07.2021;307.32;307.59;302.37;303.34
07.07.2021;303.98;306.2;302.85;304.06
08.07.2021;303;304.3;300.62;302.63
09.07.2021;302.7;304.1;301.22;303.56
12.07.2021;303.55;306.27;301.52;306.23
13.07.2021;306.81;307.22;302.11;303
14.07.2021;302.7;303.69;300.74;301.5
15.07.2021;301.13;303.5;299.77;301.72
16.07.2021;302.05;304.78;298.57;298.85
19.07.2021;298;298.36;290.03;291.46
20.07.2021;292.33;296.8;292.3;296.1
21.07.2021;296;296.94;293.54;294.86
22.07.2021;295.77;298.17;294.43;297.27
23.07.2021;297.49;298.69;295.04;296.38
26.07.2021;294;303.68;291.98;303.34
27.07.2021;302.66;304.59;299.38;299.71
28.07.2021;300.43;302.98;300;302.9
29.07.2021;304.13;305.27;303.03;303.12
30.07.2021;302.48;306.67;301.12;305.59
02.08.2021;306.23;308.63;306.06;306.51
03.08.2021;306.31;309.89;306.25;309.89
04.08.2021;310.26;312;309.25;311.1
05.08.2021;311.02;315.91;310.82;315.82
06.08.2021;316.2;320;315.31;319.15
09.08.2021;318.59;328.3;317.62;326.91
10.08.2021;328.05;331.29;326.97;330.11
11.08.2021;330.7;330.98;326.21;329.9
12.08.2021;330;330.64;327.3;328.57
13.08.2021;328.6;330.27;327.31;328.68
16.08.2021;327.59;330.52;327.13;329.36
17.08.2021;329;335.7;328.55;334.5
18.08.2021;336;338.99;333.26;334.9
19.08.2021;333.5;334;329.1;332.69
20.08.2021;332.02;333.27;325.17;325.67
23.08.2021;327.85;329.81;326.55;329.22
24.08.2021;330.43;331.22;323.32;324.83
25.08.2021;324.3;325.32;321.26;324.57
26.08.2021;324.03;325.55;320.58;322.54
27.08.2021;323.71;327.5;321.8;327.41
30.08.2021;328.43;329.38;326.51;328.28
31.08.2021;328.5;330.48;327.3;327.94
01.09.2021;328.87;334.64;328.03;334.57
02.09.2021;334.67;334.91;328.77;329
03.09.2021;329.47;330.53;326.62;329.71
06.09.2021;330;331.45;328.5;329.37
07.09.2021;329.82;330.73;324.64;325.96
08.09.2021;325.96;332.74;322.84;331.7
09.09.2021;330.4;330.4;325.69;326.01
10.09.2021;328.01;328.43;325.21;326.25
13.09.2021;327.01;328.14;324.01;327.41
14.09.2021;327.45;328.84;325.48;326.48
15.09.2021;326.46;334.6;326.46;333.51
16.09.2021;333.04;334.5;324.91;326.99
17.09.2021;326.9;331.73;325.7;329.56
20.09.2021;327.01;328.85;325;326.92
21.09.2021;328.44;329.48;322.39;323.25
22.09.2021;325.28;328.9;322.5;327.8
23.09.2021;328.94;329.4;325.13;327.02
24.09.2021;326.08;326.23;323.62;325.44
27.09.2021;326.39;332.46;326.09;331.68
28.09.2021;332.07;334.48;328.32;329.3
29.09.2021;329.09;330.45;327.15;328.43
30.09.2021;329.98;342.2;329.45;340.99
01.10.2021;339.21;339.94;336.08;338.48
04.10.2021;337.9;349.31;336.22;345.85
05.10.2021;346.78;365;344.9;363.2
06.10.2021;366;375.48;359.35;364.28
07.10.2021;367.69;374;365.88;368.93
08.10.2021;370;374.55;368;373.01
11.10.2021;375;388.11;375;387.6
12.10.2021;385.88;386.86;376.72;377.79
13.10.2021;378.86;380.91;370.81;378.8
14.10.2021;382;383.13;374.57;376.09
15.10.2021;377.92;378.41;370.43;371.82
18.10.2021;369.35;369.91;363.75;364.6
19.10.2021;366.14;373.4;361.5;373.18
20.10.2021;371.83;371.97;367.1;370.16
21.10.2021;368.2;371.14;363.2;364.6
22.10.2021;364;370.39;362.37;364.37
25.10.2021;366.2;371.7;361.68;369.99
26.10.2021;369.89;374.63;365.66;372.16
27.10.2021;371;374;366.51;371.36
28.10.2021;370.5;374.92;362.32;365.36
29.10.2021;364.34;364.34;352.68;356.14
01.11.2021;356.15;371.47;356.14;370.96
02.11.2021;371;374;367.2;370.7
03.11.2021;370;370.5;365.03;370.13
05.11.2021;366.99;367.56;358.5;360.21
08.11.2021;362.57;363.97;355.6;358.39
09.11.2021;358.41;364.58;355.6;357.44
10.11.2021;356.7;358.8;348;348.65
11.11.2021;350.11;357.89;347.22;356.24
12.11.2021;356.24;356.37;339.68;347.59
15.11.2021;349.24;352.8;342.76;344.39
16.11.2021;345.99;346.47;336.01;337.91
17.11.2021;338.49;343.57;336.6;339.89
18.11.2021;338.97;343.12;333.5;336.93
19.11.2021;339.37;339.99;325.7;327.56
22.11.2021;326.05;326.39;306.67;309.15
23.11.2021;306.28;327.01;300.1;326.84
24.11.2021;328;329.97;317.35;321.22
25.11.2021;322.35;322.96;316.11;317.29
26.11.2021;307.14;312;303.22;304.42
29.11.2021;311.11;322.15;309.42;316.57
30.11.2021;311;318.58;310.09;315
01.12.2021;321.3;329.44;319.51;324.4
02.12.2021;325.4;329;320.54;326.8
03.12.2021;327.6;328.95;318.4;320.66
06.12.2021;322;324.16;304.18;307.5
07.12.2021;307.14;313.03;300.5;309.79
08.12.2021;310.99;316.88;291.57;296.95
09.12.2021;297.49;304.94;292.5;300.4
10.12.2021;300.5;304.28;294.43;297.44
13.12.2021;298.23;300.99;280.08;280.64
14.12.2021;280.2;286.09;261.5;284.9
15.12.2021;284.9;287.79;279.44;286.65
16.12.2021;287.7;298.7;286.2;295.89
17.12.2021;295;296.73;291.61;294.9
20.12.2021;293.11;293.11;285.63;288.4
21.12.2021;289.8;293.4;286.76;291.7
22.12.2021;291.8;297.23;289.23;294
23.12.2021;294.68;298.1;291.26;292.8
24.12.2021;292.92;294.18;289;293.89
27.12.2021;294.76;296;293.37;295.68
28.12.2021;295.84;297.55;294.18;295
29.12.2021;295.05;295.55;291.33;293.51
30.12.2021;293.6;294.89;291.52;293.49
03.01.2022;295.9;305.5;294.34;305.47
04.01.2022;305.51;310.1;301.63;304.24
05.01.2022;303.72;304.26;287;287.01
06.01.2022;286.6;295.1;281;293.92
10.01.2022;295.52;298.88;288.68;291.69
11.01.2022;293.4;293.94;288.71;291.88
12.01.2022;292.82;292.92;285.05;290.4
13.01.2022;289.56;290.37;269.9;272.5
14.01.2022;272.39;277.98;249.2;261
17.01.2022;262.15;264.01;247;257.78
18.01.2022;258.8;259.39;228.09;234.7
19.01.2022;232.9;249;221.03;244.86
20.01.2022;244.17;263;240.01;254.61
21.01.2022;252.99;259.08;246;246.9
24.01.2022;246.51;249.88;226;236.97
25.01.2022;237;243.55;231;239.59
26.01.2022;240.5;245.17;233.3;236.9
27.01.2022;235;260;233.1;254.29
28.01.2022;255.87;262;252.02;257.82
31.01.2022;258.98;269.6;258.81;269.42
01.02.2022;269.72;273.1;260.56;264.7
02.02.2022;265.88;266.91;254.52;261
03.02.2022;258.45;259.87;250.06;250.79
04.02.2022;251.99;259.74;251.91;256.53
07.02.2022;256.99;260.53;253.52;257.61
08.02.2022;257.6;269.9;256.52;269.8
09.02.2022;270.01;279.71;270;279.09
10.02.2022;279.2;282.3;273.67;275.2
11.02.2022;274.9;275.87;259.61;260.83
14.02.2022;256.69;259.5;245.1;256.7
15.02.2022;257.89;274;257.51;274
16.02.2022;276.88;281;274.15;277.78
17.02.2022;277;277;259.36;260.58
18.02.2022;262.13;267;245;250.28
21.02.2022;249.15;258.32;184.3;201
22.02.2022;198.72;219.9;182.03;208.53
24.02.2022;187.54;187.54;89.59;132.18
25.02.2022;123.75;152.89;115.11;131.12
24.03.2022;131;156.2;130.15;136.24
25.03.2022;137;147;128.2;131.5
28.03.2022;130.6;131.47;125;125
29.03.2022;126.16;137.57;122;128.77
30.03.2022;136.89;138.4;131.11;134.6
31.03.2022;135.25;147.41;134.52;143.69
01.04.2022;145;155.4;144.51;154.5
04.04.2022;158.76;166.88;150.2;166
05.04.2022;169.83;169.9;147.76;154.1
06.04.2022;143.51;153.3;140.65;141.6
07.04.2022;143.1;149.9;142.5;147.5
08.04.2022;149.05;151;141.06;143.72
11.04.2022;144.09;146.98;138.5;138.69
12.04.2022;138.84;140.1;130.35;135.38
13.04.2022;136.78;138.14;132.72;135.5
14.04.2022;135.85;135.89;129.05;129.05
15.04.2022;128.55;131.72;125.12;130.88
18.04.2022;131.41;132.68;123.7;123.85
19.04.2022;123.85;123.85;115.36;120.3
20.04.2022;121;125.44;117.51;121.5
21.04.2022;121.97;123.05;117.85;118.65
22.04.2022;118.65;122.32;115.55;116.97
25.04.2022;116;116.4;111.5;111.9
26.04.2022;112.58;124.92;111.9;122.36
27.04.2022;123;131.73;120.6;131.11
28.04.2022;132.14;134.5;123.05;123.85
29.04.2022;123.67;130;122.8;128.8
04.05.2022;129.1;131.5;122.5;123.2
05.05.2022;124.21;125.54;122.75;124.8
06.05.2022;124.74;124.99;121.52;123.1
11.05.2022;123;126.05;121.86;123.34
12.05.2022;123.1;123.74;118.05;119.15
13.05.2022;120.45;121.59;118.2;120.2
16.05.2022;120.9;123.5;119.5;123.41
17.05.2022;124;127.78;123.65;127.75
18.05.2022;128.2;131.3;125;125.12
19.05.2022;125.31;126.86;123.21;125.6
20.05.2022;126.06;127;121.05;122.2
23.05.2022;121.5;122.5;118.9;119.46
24.05.2022;119.45;125;117.1;123.6
25.05.2022;124.11;125.5;120.5;124.15
26.05.2022;124.8;125.99;122;123
27.05.2022;123;123.5;120.9;121.22
30.05.2022;121.6;123;120.21;120.67
31.05.2022;120;120;117.62;118.3
01.06.2022;117.5;122.69;117;121.97
02.06.2022;121.9;122.39;118.5;119
03.06.2022;119.29;120.16;117.18;119.21
06.06.2022;119.26;120.35;118.29;118.78
07.06.2022;118.68;118.9;117.32;118.32
08.06.2022;118.51;122.19;118.4;119.9
09.06.2022;120;120.2;117.7;118.2
10.06.2022;118.03;119.55;117.73;118.07
14.06.2022;118.03;119.88;115.8;118.98
15.06.2022;119.4;121.71;118.71;121.14
16.06.2022;121.5;123.73;120.41;123.73
17.06.2022;123.97;125.18;123.11;123.88
20.06.2022;124.1;131.5;123.6;131.29
21.06.2022;131.98;133.49;127.11;129.1
22.06.2022;127.88;133.21;126.03;133.11
23.06.2022;133.9;138.4;131.5;136.85
24.06.2022;137.16;138.3;135.21;137.76
27.06.2022;137.7;141.77;136.77;141.15
28.06.2022;141.75;142.35;138.5;139.99
29.06.2022;139.8;139.89;132.75;132.8
30.06.2022;132.5;135.44;123.55;125.2
01.07.2022;124.13;132;122.5;129.91
04.07.2022;129;132.8;127.16;131.43
05.07.2022;132;135.7;131.43;133.5
06.07.2022;133.5;137.1;132.5;134
07.07.2022;134;135.2;131.22;133.09
08.07.2022;133.15;133.98;130.9;133.3
11.07.2022;132.8;133.9;126.42;126.8
12.07.2022;126.5;129.35;124.2;129
13.07.2022;129.8;129.95;125.36;126
14.07.2022;125.97;128;124.61;125.9
15.07.2022;126.06;129.44;125.27;128.9
18.07.2022;130;130.64;127.25;128.11
19.07.2022;128;128.11;125.51;127.76
20.07.2022;128.12;129.2;126.16;126.44
21.07.2022;126.44;126.83;122.24;125.48
22.07.2022;125.5;129.1;125.03;128.82
25.07.2022;128.9;132;127.24;131.45
26.07.2022;132.02;133.9;131;132.9
27.07.2022;132.9;134.79;131.62;132.5
28.07.2022;133.01;133.49;130.1;131.72
29.07.2022;131.65;132.75;130.31;131.9
01.08.2022;131.77;131.77;127.34;127.34
02.08.2022;126.6;128.44;125.6;127.53
03.08.2022;128.05;129.15;126.27;126.85
04.08.2022;126.94;128.13;126.16;126.95
05.08.2022;127.5;127.58;122.24;122.4
08.08.2022;126.11;127.38;123.51;123.81
09.08.2022;123.9;126.5;122.3;126.4
10.08.2022;126.25;127.29;124.87;126.2
11.08.2022;126.97;126.97;123.07;123.45
12.08.2022;123.46;124.98;122.6;124.88
15.08.2022;124.56;125.7;123.28;125
16.08.2022;125.2;126.86;124.53;126.39
17.08.2022;126.58;127.44;124.5;124.5
18.08.2022;124.39;126.5;123.92;126.3
19.08.2022;126.3;126.36;124.72;125.2
22.08.2022;125;126.69;124.7;126.06
23.08.2022;126.06;130.49;126.01;130.38
24.08.2022;130.6;131.64;127.85;128.15
25.08.2022;128.15;129.81;127.1;128.18
26.08.2022;128.02;130.5;127.62;130.4
29.08.2022;130.12;131.4;129.52;131.17
30.08.2022;131.17;132.6;129.65;130.05
31.08.2022;132.3;138.34;131.5;134.25
01.09.2022;133.99;138.22;132.02;138.2
02.09.2022;138.8;144.9;136.22;143.8
05.09.2022;143.5;145.1;139.11;141
06.09.2022;140.9;141.07;135.22;137.23
07.09.2022;136.96;139.19;135.41;136.86
08.09.2022;136.69;137.4;134;134.51
09.09.2022;134.41;138.47;134.23;138.15
12.09.2022;137.07;140.37;136.8;138.7
13.09.2022;138.7;139.37;136.15;137
14.09.2022;136.6;139.29;135.2;138.9
15.09.2022;139.15;140.28;137.61;139.48
16.09.2022;139.37;141.39;136.8;137.73
19.09.2022;137.4;139.08;137.07;138.04
20.09.2022;137.87;138.35;122.42;125.1
21.09.2022;112.5;123.98;109.27;120.23
22.09.2022;120.25;126.95;120.25;124.31
23.09.2022;124.49;124.5;117.35;119.39
26.09.2022;114;117.99;105;107.06
27.09.2022;110;113.89;107.07;112.92
28.09.2022;112;115.2;109.13;111.06
29.09.2022;111.59;112.2;107.68;110.41
30.09.2022;111;113.4;103.4;110.21
03.10.2022;110.62;114.65;109;114.35
04.10.2022;115.06;115.5;110.3;110.55
05.10.2022;110.49;110.49;106.25;108.51
06.10.2022;108.65;110.38;107.57;108.24
07.10.2022;107.7;108.48;101.3;101.5
10.10.2022;96.55;106.77;96.5;106.71
11.10.2022;106.5;108.3;104.26;107.72
12.10.2022;108.27;108.5;105.25;105.9
13.10.2022;105.72;107.3;104.8;106.5
14.10.2022;106.92;109.19;105.69;107.78
17.10.2022;107.93;112.76;107.65;112.44
18.10.2022;113.05;114.37;110.48;110.88
19.10.2022;110.12;112.93;109.3;112.39
20.10.2022;112.75;117.2;112.37;116.98
21.10.2022;116.93;119.94;114.37;119.45
24.10.2022;120.15;121.68;117.65;118.8
25.10.2022;118.84;125.2;118.3;124.36
26.10.2022;124.7;126.88;122.1;124.43
27.10.2022;124.75;127.5;123.68;126.61
28.10.2022;126.14;127.25;124.6;126.97
31.10.2022;127.2;128.6;125.41;126.72
01.11.2022;127.2;127.97;126.12;127.05
02.11.2022;127.06;127.74;123.75;125.49
03.11.2022;125.4;126.1;123.91;125.75
07.11.2022;127.09;132;126.5;132
08.11.2022;132;133.11;130.1;131.29
09.11.2022;131.06;131.47;126.42;127.3
10.11.2022;131;136.69;129.77;136.68
11.11.2022;137.9;138.42;135.13;136.98
14.11.2022;137.5;140.7;135.83;139.8
15.11.2022;140.49;141;130.86;135.66
16.11.2022;136.99;139.73;136.32;139.18
17.11.2022;139.09;140.35;136.6;137.57
18.11.2022;137.08;137.81;135.84;136.89
21.11.2022;136.01;136.3;132.51;134.46
22.11.2022;134.55;136;133.81;135.65
23.11.2022;135.7;137.55;134.5;136.59
24.11.2022;137;138.41;136.12;136.61
25.11.2022;137.2;137.24;135.41;136.53
28.11.2022;135.02;136.2;134.1;135.53
29.11.2022;136.29;137.2;135.88;136.37
30.11.2022;136.5;136.78;135.23;136.78
01.12.2022;137.1;137.95;136.31;137.15
02.12.2022;136.99;137.1;136.17;136.66
05.12.2022;136.66;142.68;136.25;142
06.12.2022;142.2;143.37;139.11;140.61
07.12.2022;140.5;142.81;138.36;142.32
08.12.2022;143.5;143.6;139.8;139.92
09.12.2022;139.7;140.7;139.24;140.03
12.12.2022;140.19;140.87;138.7;139.48
13.12.2022;139.67;139.93;136.67;138.13
14.12.2022;138.28;138.28;136.6;137.3
15.12.2022;136.99;137.08;134.3;134.55
16.12.2022;134.5;136.09;134.13;135.45
19.12.2022;135.13;136.73;132.86;134.64
20.12.2022;134.51;138.4;134.41;138.28
21.12.2022;138.7;139.12;135.81;137.75
22.12.2022;137.99;138.97;137;137.69
23.12.2022;137.49;138.26;136.81;137.94
26.12.2022;138.33;141;138;140.95
27.12.2022;141.31;142;139.6;139.9
28.12.2022;139.73;140.4;138.6;139.51
29.12.2022;139.5;141.65;139.22;140.96
30.12.2022;140.8;141.48;140.13;141.15
03.01.2023;141.6;143.25;141.56;141.78
04.01.2023;141.85;142.28;140.75;141.43
05.01.2023;141.6;141.84;140.54;141.27
06.01.2023;141.39;141.62;140.9;141.4
09.01.2023;141.83;142.99;141.65;142.4
10.01.2023;142.1;142.85;141.31;142.81
11.01.2023;142.97;149.98;142.87;149.96
12.01.2023;150.02;150.79;148.39;149.3
13.01.2023;149.58;153.28;147.71;151.69
16.01.2023;152.89;154;151.88;153.71
17.01.2023;154;154.31;150.01;150.45
18.01.2023;150.4;153;149.41;151.47
19.01.2023;151.2;152.85;148.56;149.34
20.01.2023;149.7;151.4;148.64;151.38
23.01.2023;151.9;154.1;151.01;153.5
24.01.2023;153.95;155.58;152.28;152.66
25.01.2023;152.45;153.6;151.5;152.81
26.01.2023;153.32;154.3;151.73;152.4
27.01.2023;152.4;153.48;151.69;153.2
30.01.2023;153.5;153.88;152.21;153.38
31.01.2023;153.51;158.18;153.3;158.07
01.02.2023;158.2;159.6;156.5;158.29
02.02.2023;158.4;160.29;157.37;159.45
03.02.2023;159.1;162.32;157.88;161.26
06.02.2023;161.78;167.17;161.01;167.09
07.02.2023;167.3;168.7;163.4;165.39
08.02.2023;165;166.35;162.7;164.15
09.02.2023;164.33;167.47;161.27;165.31
10.02.2023;165;166.49;164.5;165.52
13.02.2023;165.2;166.88;164.17;164.32
14.02.2023;164.3;164.38;161.64;161.86
15.02.2023;160.94;161.12;153.83;156.25
16.02.2023;157.33;159.3;156.25;158.22
17.02.2023;158;160.38;156.91;159.73
20.02.2023;159.41;161.3;156.73;160.09
21.02.2023;160.66;165.65;159.26;164.15
22.02.2023;164.13;164.42;162.5;163.37
24.02.2023;163.33;165.5;163.1;164.3
27.02.2023;163.52;170;162.96;169.95
28.02.2023;170.5;171.92;168.37;169.82
01.03.2023;170.4;171.66;169.5;170.53
02.03.2023;170.4;170.4;166.55;168.05
03.03.2023;168.17;171.26;167.9;171.16
06.03.2023;172.14;172.99;171.35;171.84
07.03.2023;171.87;174.2;171;174.01
09.03.2023;174.85;174.89;172.21;172.55
10.03.2023;171.55;173;170.58;172.53
13.03.2023;172.5;173.9;169.26;172.15
14.03.2023;171.61;176.95;171.01;175.71
15.03.2023;176;177.37;173.59;175.3
16.03.2023;174.94;176.04;173.36;175.45
17.03.2023;183;193.66;178.56;193.59
20.03.2023;196.02;205.09;195;203.73
21.03.2023;204.76;208;201.25;203.32
22.03.2023;203.4;204.4;201.59;202.89
23.03.2023;202.53;204.2;202.22;202.58
24.03.2023;202.86;203.85;202;203.57
27.03.2023;204.01;213.2;204.01;211.84
28.03.2023;212.86;214.7;210.67;214.03
29.03.2023;214.85;219.53;213.6;217.99
30.03.2023;217.3;218.45;216.12;216.87
31.03.2023;217.2;217.35;211.3;216.6
03.04.2023;218.45;219.44;214.8;216.09
04.04.2023;216.2;217.29;213.8;214.83
05.04.2023;214.65;216.3;211.4;216.15
06.04.2023;216.3;217.38;214.07;214.25
07.04.2023;214.5;216.39;213.65;216.27
10.04.2023;217.1;222.26;216.61;222.21
11.04.2023;222.9;223.33;217.62;218.6
12.04.2023;218.6;219.7;216.67;219.22
13.04.2023;219.49;220.89;218;219.85
14.04.2023;220;222.5;218.51;221.87
17.04.2023;222.98;228.2;222.91;228.1
18.04.2023;227.89;232.76;227.05;232.66
19.04.2023;232.67;237.37;231.1;232.95
20.04.2023;233.32;236.47;229.84;236.28
21.04.2023;237.4;238.85;233.52;235.17
24.04.2023;235.07;236.4;234.1;235.1
25.04.2023;235.13;235.82;234.21;235.3
26.04.2023;235.6;235.95;234.91;235.21
27.04.2023;235.59;240.74;235.13;240.38
28.04.2023;240.9;241.58;237.66;240.38
02.05.2023;242.2;245;237.4;242.62
03.05.2023;242.85;242.99;234;235.77
04.05.2023;236.89;239.74;236.05;238.89
05.05.2023;239.24;240.66;237.3;237.7
08.05.2023;238.69;239.86;237.36;238.27
10.05.2023;216.5;227.5;215.7;227.06
11.05.2023;228.87;235.38;223.94;229.32
12.05.2023;231;232.47;226.15;229.29
15.05.2023;230.51;231.75;228.52;231.7
16.05.2023;232.4;232.86;229.57;230.62
17.05.2023;229.86;230.97;228.75;230.55
18.05.2023;231.7;234.49;230.72;231.7
19.05.2023;230.99;232.3;229.81;231.27
22.05.2023;232.2;232.78;230;231
23.05.2023;231.25;237.29;230.21;236.43
24.05.2023;237.49;246.13;236.26;246.06
25.05.2023;246.1;247.4;242.65;243.76
26.05.2023;243.45;249.64;242.81;248.1
29.05.2023;249.78;252.59;248.85;251.18
30.05.2023;248.84;250.85;243.8;244.65
31.05.2023;244;247.18;240.27;246.17
01.06.2023;247;247;240.57;241.66
02.06.2023;242;245.5;240.77;243.95
05.06.2023;243.51;244.15;235.1;237.12
06.06.2023;235.92;242.1;232.54;240.91
07.06.2023;241.2;244.39;238.56;241.25
08.06.2023;241.3;242.78;239.55;241.77
09.06.2023;242.8;243;240.11;240.4
13.06.2023;241.51;244.5;240.63;244.33
14.06.2023;245.7;247.68;242.8;244.6
15.06.2023;245.11;245.94;243.22;245.18
16.06.2023;245.5;245.9;243.7;243.87
19.06.2023;244.47;244.69;241.32;242.28
20.06.2023;241.99;242.22;238.82;241.74
21.06.2023;241.9;243.92;240.6;242.2
22.06.2023;242.15;242.8;240.13;240.66
23.06.2023;239.98;240.99;234.34;235.67
26.06.2023;239.6;240.5;233.4;238.4
27.06.2023;239.02;242.34;236.8;241.21
28.06.2023;241.8;241.8;238.6;239.67
29.06.2023;239.94;241.26;239.02;239.99
30.06.2023;240;240.68;238.36;239.61
03.07.2023;240;244.56;239.15;243.33
04.07.2023;243.4;243.78;240.61;240.7
05.07.2023;241.49;241.9;240.24;240.95
06.07.2023;241.47;242.47;240.71;240.96
07.07.2023;241.49;243.75;240.7;243.67
10.07.2023;244.21;249.45;244.2;249.4
11.07.2023;250.01;250.2;246.51;247.99
12.07.2023;248.4;249.2;246.1;247.52
13.07.2023;247.97;248.15;245.34;246.19
14.07.2023;246.32;247.05;244.51;246.45
17.07.2023;244.77;246.2;243.6;245.39
18.07.2023;245.8;247.5;245.26;246.77
19.07.2023;247.25;248.1;245;245.85
20.07.2023;246.27;246.27;242.15;242.7
21.07.2023;243.18;244.53;241.7;244.13
24.07.2023;244;245.85;243.52;244.87
25.07.2023;245.48;247.77;244.81;247.2
26.07.2023;247.2;248.33;245.9;247.05
27.07.2023;247.5;249.3;247.24;247.95
28.07.2023;248;249.45;246.67;249.25
31.07.2023;251.33;267.77;251.33;267.4
01.08.2023;269;273.35;264.1;268.5
02.08.2023;268.5;269.97;266.52;268.57
03.08.2023;269;271.35;266.8;269.11
04.08.2023;269.48;272.96;261.21;264.12
07.08.2023;266.54;268.09;260.5;261.92
08.08.2023;261.92;265.44;258.8;264.62
09.08.2023;265.47;265.8;263.05;263.91
10.08.2023;264.73;267.5;263.96;266.91
11.08.2023;267.26;267.4;264.8;266.23
14.08.2023;267.37;268.77;259.15;260.45
15.08.2023;259;264.17;256.63;260.42
16.08.2023;261.29;261.68;254.33;256.02
17.08.2023;257.15;258.8;255.5;258.5
18.08.2023;258.4;261.37;257.35;261.14
21.08.2023;262.44;263.06;259.51;261.15
22.08.2023;261.92;262.11;259.81;261.45
23.08.2023;261.5;261.83;256;256.4
24.08.2023;257.63;259.94;256.4;259.63
25.08.2023;258.8;261.6;257.61;260.5
28.08.2023;261.32;267.83;260.81;266.93
29.08.2023;266.7;267.56;265.14;265.68
30.08.2023;265.68;267.36;263.1;264.7
31.08.2023;265.04;266.25;264.3;264.85
01.09.2023;265.4;265.62;264.06;265
04.09.2023;266.5;269.11;266;267.39
05.09.2023;266.74;267.98;261.09;264.75
06.09.2023;264.33;264.68;262.31;263.5
07.09.2023;263.69;264.97;256.1;258.79
08.09.2023;258.08;259.33;253.1;255.68
11.09.2023;257;258.37;255.16;256.25
12.09.2023;257.7;262.4;257.09;262.4
13.09.2023;262.4;262.77;257.59;258.18
14.09.2023;258.9;261.38;255.02;260
15.09.2023;259.65;262.74;258.56;260.83
18.09.2023;262.02;263;258.76;259.07
19.09.2023;258.99;259.32;251.5;252.72
20.09.2023;252.8;255.47;249.82;253.77
21.09.2023;252.87;254.2;249.81;250.16
22.09.2023;249.85;253.1;248.62;251.99
25.09.2023;252;253.49;249.83;252.65
26.09.2023;252.13;257.17;250.9;255.87
27.09.2023;256.2;257.85;254.63;256.1
28.09.2023;256.4;258.25;255.5;257.67
29.09.2023;258;262.59;256.71;260.72
02.10.2023;261.37;261.92;257.03;258.98
03.10.2023;258.99;260.5;257.23;259.65
04.10.2023;259;260.39;258.24;259.53
05.10.2023;260.7;261.39;258.26;259.38
06.10.2023;259.77;263.4;257.86;262.93
09.10.2023;263;265.97;263;265.25
10.10.2023;264.89;265.18;257;263
11.10.2023;263.3;263.99;259.5;260.21
12.10.2023;260;264.5;259.66;264.5
13.10.2023;264.89;265.04;262.7;263.51
16.10.2023;264;269.2;263.51;268.15
17.10.2023;268.3;271.97;266.91;270
18.10.2023;270;271.19;266.11;267.9
19.10.2023;267.13;271;266.28;268.65
20.10.2023;268.5;270.3;266.5;269.8
23.10.2023;270.45;274.1;269.65;270.1
24.10.2023;270;272.06;268.62;271.27
25.10.2023;271.5;274.96;270.53;273.73
26.10.2023;274.11;276;269.12;269.9
27.10.2023;269.93;271.98;266.8;269.7
30.10.2023;269.9;271.55;268.6;269.89
31.10.2023;270;270.5;266.87;268.35
01.11.2023;268.29;270.3;267.6;269.68
02.11.2023;270;270.98;268.5;269.06
03.11.2023;269.07;269.78;267.2;268.54
06.11.2023;269;273.87;268.62;273.42
07.11.2023;273.01;274.78;272.2;273.31
08.11.2023;273.64;278.35;273.28;278.15
09.11.2023;278.6;278.85;276.02;276.65
10.11.2023;276.99;281.3;276.6;280.19
13.11.2023;280.4;284.8;280.32;283.97
14.11.2023;283.7;283.88;280.54;280.87
15.11.2023;280.87;283.93;278.51;282.89
16.11.2023;282.4;283.69;279.56;279.7
17.11.2023;279.7;282.5;278.66;281.6
20.11.2023;281.96;284.2;281.61;282.91
21.11.2023;282.3;283.82;281.66;282.79
22.11.2023;283.12;286.67;282.85;286.16
23.11.2023;286.16;287.77;285.04;286.19
24.11.2023;286.49;287.5;285.11;286.85
27.11.2023;287.4;289;278.88;282.33
28.11.2023;282.4;282.51;277.32;279.91
29.11.2023;279.36;280.56;276.2;276.8
30.11.2023;276.7;278.65;272.75;277.5
01.12.2023;277;277.98;273.55;273.97
04.12.2023;273.6;274.95;270.52;270.96
05.12.2023;271.98;279.65;270.54;279.62
06.12.2023;279.92;280.79;266.83;267.58
07.12.2023;267.62;270.44;263.06;265.12
08.12.2023;266;268.23;263.72;265.16
11.12.2023;265.17;266.47;254.81;256.89
12.12.2023;256.79;262.88;255.05;257.6
13.12.2023;257.6;261.39;256.5;260.45
14.12.2023;261.4;262.75;255.58;256.64
15.12.2023;256.6;268.91;256.6;268.21
18.12.2023;268.93;270.44;266.54;268.4
19.12.2023;268.38;269.71;265;267.35
20.12.2023;267.51;269.1;266.2;266.61
21.12.2023;266.4;266.87;263.5;265.19
22.12.2023;266.06;271.9;265.37;271.3
25.12.2023;271.72;273.85;270.05;271.08
26.12.2023;271;272.89;270;271.9
27.12.2023;271.9;272.59;270.85;271.08
28.12.2023;270.92;272.48;268.52;271.74
29.12.2023;272.19;272.59;270.55;270.82
03.01.2024;271.9;274.7;271;274.56
04.01.2024;274.67;275.48;273.7;274.12
05.01.2024;274.3;274.69;272.8;273.62
08.01.2024;273.6;277;273.53;276.76
09.01.2024;276.97;278;274.71;275.28
10.01.2024;275.3;276.16;273.64;274.49
11.01.2024;274.78;275.97;274.01;275.71
12.01.2024;276;276.96;274.77;275.84
15.01.2024;276.45;277.73;275.21;275.96
16.01.2024;276.22;276.45;274.1;276.01
17.01.2024;276.02;279.17;275.75;278
18.01.2024;278.24;278.87;276.76;277.07
19.01.2024;277.39;277.47;273.55;274.86
22.01.2024;274.86;275.9;273.85;274.93
23.01.2024;274.7;277.26;274.31;275.9
24.01.2024;275.9;276.44;273.7;273.77
25.01.2024;274;274.18;271.55;272.81
26.01.2024;273.1;273.72;272.21;272.65
29.01.2024;273.02;274.95;272.7;274.05
30.01.2024;274.01;277.25;273.97;275.67
31.01.2024;275.84;276.45;275;276
01.02.2024;276.03;277.75;275.93;276.86
02.02.2024;277;277.3;276;276.74
05.02.2024;277;278.57;276.9;277.84
06.02.2024;278;278.99;277.3;278.67
07.02.2024;278.82;284.5;278.81;284.41
08.02.2024;284.52;286.24;281.25;282.17
09.02.2024;282.17;284;281.5;283.5
12.02.2024;283.66;287.84;283.5;287.28
13.02.2024;287.52;289;285.4;287.07
14.02.2024;287.07;290.6;286.84;289.06
15.02.2024;289.3;290.45;287.63;290.24
16.02.2024;290.47;292.3;286.25;288.33
19.02.2024;288.51;289.98;287.07;288.93
20.02.2024;289.2;289.28;283.29;283.9
21.02.2024;283.9;285.28;280.2;282
22.02.2024;282.1;285.05;282.1;284.77
26.02.2024;288.52;291.3;287;291.25
27.02.2024;291.35;293;290.55;292.52
28.02.2024;292.6;293.95;289.75;291.75
29.02.2024;292.31;293.2;291.3;292.19
01.03.2024;292.2;295.88;292.2;295.38
04.03.2024;295.87;299.5;295.8;299.17
05.03.2024;299.33;300.41;297.57;298.4
06.03.2024;298.2;299.33;296.82;297.71
07.03.2024;297.72;300.58;297.24;300.4
11.03.2024;301;302.95;298.5;299.79
12.03.2024;299.6;301.07;297.34;300.9
13.03.2024;301.2;301.49;298.7;298.85
14.03.2024;298.5;298.7;295.14;295.83
15.03.2024;295.71;299.44;295.29;298.3
18.03.2024;299.4;299.98;297.63;298.87
19.03.2024;298.3;299.4;294.21;295.2
20.03.2024;295.3;296.88;293.52;295.4
21.03.2024;295.99;297.3;291.8;295.62
22.03.2024;295.77;296.79;291.05;292.99
25.03.2024;294;294.93;292.13;293.9
26.03.2024;294.5;295.82;293.04;294.11
27.03.2024;294.47;295.11;293.47;295.1
28.03.2024;295.5;299.3;295.5;299
29.03.2024;299.38;299.5;298;298.72
01.04.2024;300;301.65;299.5;300.43
02.04.2024;300.43;300.99;298.95;300.38
03.04.2024;300.4;307.13;300.17;306.72
04.04.2024;306.8;307.77;304.36;304.61
05.04.2024;304.62;306.5;303.7;306.1
08.04.2024;306.5;308.6;306.22;307.75
09.04.2024;308.1;309.35;305.51;306.76
10.04.2024;306.76;307.14;304.62;306.48
11.04.2024;306.7;308;305.7;306.95
12.04.2024;307.4;307.87;306.3;307.1
15.04.2024;307.47;308.39;306.64;307.99
16.04.2024;308;308.65;307;308.29
17.04.2024;308.65;309.74;305.91;306.59
18.04.2024;306.01;308.29;305.05;307.99
19.04.2024;308;308.38;306.8;307.38
22.04.2024;308;315;307.38;314.99
23.04.2024;315.39;315.79;306.26;307.39
24.04.2024;307.5;309.79;306.65;307.94
25.04.2024;307.95;309.07;307.45;308.41
26.04.2024;308.5;309.9;308;309
27.04.2024;309.25;309.99;308.7;308.98
29.04.2024;309.14;309.6;307.65;308.97
30.04.2024;309.19;309.49;308.03;308.24
02.05.2024;308.7;309.19;306.8;307.37
03.05.2024;307.11;308.29;304.34;307.53
06.05.2024;308.1;308.1;305.55;306.01
07.05.2024;306.23;308.87;306.21;308.22
08.05.2024;308.41;311.83;308.08;311.21
10.05.2024;311.5;313.5;311.31;313.49
